{"feature-envy.arff_decision_tree_train_acc": 0.8333333333333334, "feature-envy.arff_decision_tree_test_acc": 0.8333333333333334, "feature-envy.arff_decision_tree_train_f1": 0.8333333333333334, "feature-envy.arff_decision_tree_test_f1": 0.8333333333333334, "feature-envy.arff_random_forest_train_acc": 0.8333333333333334, "feature-envy.arff_random_forest_test_acc": 0.8333333333333334, "feature-envy.arff_random_forest_train_f1": 0.8333333333333334, "feature-envy.arff_random_forest_test_f1": 0.8333333333333334, "feature-envy.arff_naive_bayes_train_acc": 0.8067226890756303, "feature-envy.arff_naive_bayes_test_acc": 0.8015873015873016, "feature-envy.arff_naive_bayes_train_f1": 0.8067226890756303, "feature-envy.arff_naive_bayes_test_f1": 0.8015873015873016, "feature-envy.arff_svc_linear_train_acc": 0.8529411764705882, "feature-envy.arff_svc_linear_test_acc": 0.8015873015873016, "feature-envy.arff_svc_linear_train_f1": 0.8529411764705882, "feature-envy.arff_svc_linear_test_f1": 0.8015873015873016, "feature-envy.arff_svc_poly_train_acc": 0.8501400560224089, "feature-envy.arff_svc_poly_test_acc": 0.8015873015873016, "feature-envy.arff_svc_polytrain_f1": 0.8501400560224089, "feature-envy.arff_svc_poly_test_f1": 0.8015873015873016, "feature-envy.arff_svc_rbf_train_acc": 0.8529411764705882, "feature-envy.arff_svc_rbf_test_acc": 0.7857142857142857, "feature-envy.arff_svc_rbf_train_f1": 0.8529411764705882, "feature-envy.arff_svc_rbf_test_f1": 0.7857142857142857, "feature-envy.arff_svc_sigmoid_train_acc": 0.8263305322128851, "feature-envy.arff_svc_sigmoid_test_acc": 0.8492063492063492, "feature-envy.arff_svc_sigmoidtrain_f1": 0.8263305322128851, "feature-envy.arff_svc_sigmoid_test_f1": 0.8492063492063492, "data-class.arff_decision_tree_train_acc": 0.8501400560224089, "data-class.arff_decision_tree_test_acc": 0.8174603174603174, "data-class.arff_decision_tree_train_f1": 0.8501400560224089, "data-class.arff_decision_tree_test_f1": 0.8174603174603174, "data-class.arff_random_forest_train_acc": 0.8249299719887955, "data-class.arff_random_forest_test_acc": 0.8809523809523809, "data-class.arff_random_forest_train_f1": 0.8249299719887955, "data-class.arff_random_forest_test_f1": 0.8809523809523809, "data-class.arff_naive_bayes_train_acc": 0.6526610644257703, "data-class.arff_naive_bayes_test_acc": 0.5793650793650794, "data-class.arff_naive_bayes_train_f1": 0.6526610644257703, "data-class.arff_naive_bayes_test_f1": 0.5793650793650794, "data-class.arff_svc_linear_train_acc": 0.8487394957983193, "data-class.arff_svc_linear_test_acc": 0.8253968253968254, "data-class.arff_svc_linear_train_f1": 0.8487394957983193, "data-class.arff_svc_linear_test_f1": 0.8253968253968254, "data-class.arff_svc_poly_train_acc": 0.8263305322128851, "data-class.arff_svc_poly_test_acc": 0.8809523809523809, "data-class.arff_svc_polytrain_f1": 0.8263305322128851, "data-class.arff_svc_poly_test_f1": 0.8809523809523809, "data-class.arff_svc_rbf_train_acc": 0.8473389355742297, "data-class.arff_svc_rbf_test_acc": 0.8174603174603174, "data-class.arff_svc_rbf_train_f1": 0.8473389355742297, "data-class.arff_svc_rbf_test_f1": 0.8174603174603174, "data-class.arff_svc_sigmoid_train_acc": 0.8305322128851541, "data-class.arff_svc_sigmoid_test_acc": 0.8571428571428571, "data-class.arff_svc_sigmoidtrain_f1": 0.8305322128851541, "data-class.arff_svc_sigmoid_test_f1": 0.8571428571428571, "god-class.arff_decision_tree_train_acc": 0.834733893557423, "god-class.arff_decision_tree_test_acc": 0.8253968253968254, "god-class.arff_decision_tree_train_f1": 0.834733893557423, "god-class.arff_decision_tree_test_f1": 0.8253968253968254, "god-class.arff_random_forest_train_acc": 0.8487394957983193, "god-class.arff_random_forest_test_acc": 0.7619047619047619, "god-class.arff_random_forest_train_f1": 0.8501400560224089, "god-class.arff_random_forest_test_f1": 0.7777777777777778, "god-class.arff_naive_bayes_train_acc": 0.8277310924369747, "god-class.arff_naive_bayes_test_acc": 0.8253968253968254, "god-class.arff_naive_bayes_train_f1": 0.8277310924369747, "god-class.arff_naive_bayes_test_f1": 0.8253968253968254, "god-class.arff_svc_linear_train_acc": 0.8599439775910365, "god-class.arff_svc_linear_test_acc": 0.746031746031746, "god-class.arff_svc_linear_train_f1": 0.8599439775910365, "god-class.arff_svc_linear_test_f1": 0.746031746031746, "god-class.arff_svc_poly_train_acc": 0.8529411764705882, "god-class.arff_svc_poly_test_acc": 0.7301587301587301, "god-class.arff_svc_polytrain_f1": 0.8529411764705882, "god-class.arff_svc_poly_test_f1": 0.7301587301587301, "god-class.arff_svc_rbf_train_acc": 0.8599439775910365, "god-class.arff_svc_rbf_test_acc": 0.7301587301587301, "god-class.arff_svc_rbf_train_f1": 0.8599439775910365, "god-class.arff_svc_rbf_test_f1": 0.7301587301587301, "god-class.arff_svc_sigmoid_train_acc": 0.8361344537815126, "god-class.arff_svc_sigmoid_test_acc": 0.7936507936507936, "god-class.arff_svc_sigmoidtrain_f1": 0.8361344537815126, "god-class.arff_svc_sigmoid_test_f1": 0.7936507936507936, "long-method.arff_decision_tree_train_acc": 0.8333333333333334, "long-method.arff_decision_tree_test_acc": 0.8333333333333334, "long-method.arff_decision_tree_train_f1": 0.8333333333333334, "long-method.arff_decision_tree_test_f1": 0.8333333333333334, "long-method.arff_random_forest_train_acc": 0.834733893557423, "long-method.arff_random_forest_test_acc": 0.8253968253968254, "long-method.arff_random_forest_train_f1": 0.8333333333333334, "long-method.arff_random_forest_test_f1": 0.8333333333333334, "long-method.arff_naive_bayes_train_acc": 0.7899159663865546, "long-method.arff_naive_bayes_test_acc": 0.8095238095238095, "long-method.arff_naive_bayes_train_f1": 0.7899159663865546, "long-method.arff_naive_bayes_test_f1": 0.8095238095238095, "long-method.arff_svc_linear_train_acc": 0.8543417366946778, "long-method.arff_svc_linear_test_acc": 0.746031746031746, "long-method.arff_svc_linear_train_f1": 0.8543417366946778, "long-method.arff_svc_linear_test_f1": 0.746031746031746, "long-method.arff_svc_poly_train_acc": 0.8515406162464986, "long-method.arff_svc_poly_test_acc": 0.7619047619047619, "long-method.arff_svc_polytrain_f1": 0.8515406162464986, "long-method.arff_svc_poly_test_f1": 0.7619047619047619, "long-method.arff_svc_rbf_train_acc": 0.8431372549019608, "long-method.arff_svc_rbf_test_acc": 0.8015873015873016, "long-method.arff_svc_rbf_train_f1": 0.8431372549019608, "long-method.arff_svc_rbf_test_f1": 0.8015873015873016, "long-method.arff_svc_sigmoid_train_acc": 0.8235294117647058, "long-method.arff_svc_sigmoid_test_acc": 0.8174603174603174, "long-method.arff_svc_sigmoidtrain_f1": 0.8235294117647058, "long-method.arff_svc_sigmoid_test_f1": 0.8174603174603174}